{ 
  "duration": 20,
  "screen_width": 1000,
  "screen_height": 800,
  "observation": {
      "type": "MultiAgentObservation",
        "observation_config": {
            "type": "Kinematics",
            "flatten": true,
            "absolute": true,
            "see_behind": true,
            "normalize": false,
            "features": ["x", "y", "vx", "vy"],
            "vehicles_count": 2
            }
  },
  "action": {
    "type": "MultiAgentAction",
        "action_config": {
            "type": "DiscreteMetaAction"
        }
  }
}