{ 
    "controlled_vehicles": 2,
    "duration": 40,
    "observation": {
        "type": "MultiAgentObservation",
            "observation_config": {
            "type": "Kinematics",
            "flatten": true,
            "absolute": true,
            "see_behind": true,
            "normalize": false,
            "features": ["x", "y", "vx", "vy"],
            "vehicles_count": 2
            }
    },
    "action": {
        "type": "MultiAgentAction",
        "action_config": {
            "type": "ContinuousAction",
            "longitudinal": false,
            "lateral": true,
            "target_speeds": [0, 5, 10]
        }
    }
}